ISIN,NAME,Country,Region
AN8068571086,SLB,US,AMER
AT000000STR1,STRABAG SE,AT,EUR
AT00000VIE62,FLUGHAFEN WIEN,AT,EUR
AT0000606306,RAIFFEISEN BANK INTL.,AT,EUR
AT0000652011,ERSTE GROUP BANK,AT,EUR
AT0000720008,TELEKOM AUSTRIA,AT,EUR
AT0000730007,ANDRITZ,AT,EUR
AT0000743059,OMV,AT,EUR
AT0000746409,VERBUND,AT,EUR
AT0000831706,WIENERBERGER,AT,EUR
AT0000908504,VIENNA INSURANCE GROUP A,AT,EUR
AT0000937503,VOESTALPINE,AT,EUR
AT0000938204,MAYR-MELNHOF KARTON,AT,EUR
AT0000A21KS2,CPI EUROPE AGE,AT,EUR
AU000000JHX1,JAMES HARDIE INDUSTRIES CDI,IE,EUR
BE0003470755,SOLVAY,BE,EUR
BE0003565737,KBC GROUP,BE,EUR
BE0003593044,COFINIMMO,BE,EUR
BE0003717312,SOFINA,BE,EUR
BE0003735496,ORANGE BELGIUM,BE,EUR
BE0003739530,UCB,BE,EUR
BE0003755692,AGFA-GEVAERT,BE,EUR
BE0003797140,GBL NEW,BE,EUR
BE0003810273,PROXIMUS,BE,EUR
BE0003822393,ELIA GROUP,BE,EUR
BE0974256852,COLRUYT GROUP,BE,EUR
BE0974258874,BEKAERT (D),BE,EUR
BE0974264930,AGEAS (EX-FORTIS),BE,EUR
BE0974271034,VIOHALCO,BE,EUR
BE0974293251,ANHEUSER-BUSCH INBEV,BE,EUR
BE0974320526,UMICORE,BE,EUR
BE0974338700,TITAN,BE,EUR
BMG850801025,STOLT-NIELSEN,GB,EUR
BMG9618E1075,WHITE MOUNTAINS IN.GP.,US,AMER
CA00208D4084,ARC RESOURCES,CA,AMER
CA0084741085,AGNICO-EAGLE MNS. (NYS),CA,AMER
CA00900Q1037,AIMIA,CA,AMER
CA01626P1484,ALIMENTATION COUCHE TARD,CA,AMER
CA05534B7604,BCE,CA,AMER
CA0585861085,BALLARD PWR.SYS. (NAS),CA,AMER
CA0636711016,BANK OF MONTREAL,CA,AMER
CA0641491075,BK.OF NOVA SCOTIA,CA,AMER
CA0717341071,BAUSCH HEALTH (NYS) COMPANIES,CA,AMER
CA09228F1036,BLACKBERRY (NYS),CA,AMER
CA0977518616,BOMBARDIER 'B',CA,AMER
CA11271J1075,BROOKFIELD A (NYS),CA,AMER
CA1247651088,CAE,CA,AMER
CA12532H1047,CGI A,CA,AMER
CA1254911003,CI FINANCIAL DEAD - DELIST.15/08/25,CA,AMER
CA13321L1085,CAMECO,CA,AMER
CA1360691010,CANADIAN IMP.BK.COM.,CA,AMER
CA1363751027,CANADIAN NATIONAL RY.,CA,AMER
CA1363851017,CANADIAN NATURAL RES.,CA,AMER
CA13646K1084,CANADIAN PACIFIC KANSAS CITY,CA,AMER
CA1366812024,CANADIAN TIRE 'A',CA,AMER
CA1367178326,CANADIAN UTILITIES 'A',CA,AMER
CA2849025093,ELDORADO GOLD,CA,AMER
CA2918434077,EMPIRE 'A',CA,AMER
CA29250N1050,ENBRIDGE,CA,AMER
CA2927661025,ENERPLUS DEAD - DELIST.04/06/24,CA,AMER
CA2935701078,ENSIGN EN.SVS.,CA,AMER
CA3039011026,FAIRFAX FINL.HDG.,CA,AMER
CA3180714048,FINNING INTL.,CA,AMER
CA3359341052,FIRST QUANTUM MRLS.,CA,AMER
CA3495531079,FORTIS,CA,AMER
CA3518581051,FRANCO-NEVADA,CA,AMER
CA3759161035,GILDAN ACTIVEWEAR,CA,AMER
CA39138C1068,GREAT WEST LIFECO,CA,AMER
CA4495861060,IGM FINL.,CA,AMER
CA4530384086,IMPERIAL OIL,CA,AMER
CA45823T1066,INTACT FINANCIAL,CA,AMER
CA4969024047,KINROSS GOLD (NYS),CA,AMER
CA5394811015,LOBLAW,CA,AMER
CA5592224011,MAGNA INTL.,CA,AMER
CA56501R1064,MANULIFE FINANCIAL,CA,AMER
CA59151K1084,METHANEX,CA,AMER
CA59162N1096,METRO,CA,AMER
CA6330671034,NATIONAL BANK OF CANADA,CA,AMER
CA67077M1086,NUTRIEN,CA,AMER
CA6744822033,OBSIDIAN ENERGY,CA,AMER
CA68272K1030,ONEX,CA,AMER
CA6837151068,OPEN TEXT (NAS),CA,AMER
CA6979001089,PAN AMERICAN SILVER,CA,AMER
CA7392391016,POWER CORP.CANADA,CA,AMER
CA74022D4075,PRECISION DRILLING,CA,AMER
CA74935Q1072,RB GLOBAL (NYS),US,AMER
CA7669101031,RIOCAN REIT.TST.,CA,AMER
CA7751092007,ROGERS COMMS.'B',CA,AMER
CA7800871021,ROYAL BANK OF CANADA,CA,AMER
CA8029121057,SAPUTO,CA,AMER
CA82028K2002,SHAW COMMS.'B' DEAD - DELIST.05/04/23,CA,AMER
CA8239011031,SHERRITT INTL.RESTRCTD VTG,CA,AMER
CA85472N1096,STANTEC,CA,AMER
CA8667961053,SUN LIFE FINL.,CA,AMER
CA8672241079,SUNCOR ENERGY,CA,AMER
CA8676EP1086,SUNOPTA (NAS),US,AMER
CA87807B1076,TC ENERGY,CA,AMER
CA8787422044,TECK RESOURCES SUBORDINATE VOTING B,CA,AMER
CA87971M1032,TELUS,CA,AMER
CA8849038085,THOMSON REUTERS,CA,AMER
CA8911605092,TORONTO-DOMINION BANK,CA,AMER
CA89346D1078,TRANSALTA,CA,AMER
CA8959451037,TRICAN WELL SER.,CA,AMER
CA9611485090,WESTON GEORGE,CA,AMER
CA98462Y1007,YAMANA GOLD DEAD - DELIST.04/04/23,CA,AMER
CA9855721069,YELLOW PAGES,CA,AMER
CH0000816824,OC OERLIKON CORPORATION,CH,EUR
CH0008038389,SWISS PRIME SITE,CH,EUR
CH0008742519,SWISSCOM 'R',CH,EUR
CH0010570759,CHOCOLADEFABRIKEN LINDT & SPRUENGLI,CH,EUR
CH0010645932,GIVAUDAN 'N',CH,EUR
CH0011075394,ZURICH INSURANCE GROUP,CH,EUR
CH0011432447,BASILEA PHARMACEUTICA 'R',CH,EUR
CH0012005267,NOVARTIS 'R',CH,EUR
CH0012032048,ROCHE HOLDING,CH,EUR
CH0012138530,CREDIT SUISSE GROUP DEAD - DELIST.14/06/23,CH,EUR
CH0012138605,ADECCO GROUP,CH,EUR
CH0012142631,CLARIANT,CH,EUR
CH0012214059,HOLCIM,CH,EUR
CH0012221716,ABB LTD N,CH,EUR
CH0012255151,THE SWATCH GROUP,CH,EUR
CH0012268360,KUDELSKI 'B',CH,EUR
CH0012410517,BALOISE HOLDING DEAD - DELIST.08/12/25,CH,EUR
CH0012549785,SONOVA N,CH,EUR
CH0013841017,LONZA GROUP,CH,EUR
CH0014786500,VALIANT 'R',CH,EUR
CH0014852781,SWISS LIFE HOLDING,CH,EUR
CH0018294154,PSP SWISS PROPERTY AG,CH,EUR
CH0022268228,EFG INTERNATIONAL N,CH,EUR
CH0024608827,PARTNERS GROUP HOLDING,CH,EUR
CH0024638212,SCHINDLER 'R',CH,EUR
CH0025238863,KUEHNE UND NAGEL INTERNATIONAL,CH,EUR
CH0025751329,LOGITECH 'R',CH,EUR
CH0030170408,GEBERIT 'R',CH,EUR
CH0038388911,SULZER 'R',CH,EUR
CH0038863350,NESTLE 'N',CH,EUR
CH0044328745,CHUBB,CH,EUR
CH0048265513,TRANSOCEAN,CH,EUR
CH0102484968,JULIUS BAER GRUPPE,CH,EUR
CH0114405324,GARMIN,CH,EUR
CH0126881561,SWISS RE,CH,EUR
CH0198251305,COCA-COLA HBC,CH,EUR
CH0210483332,RICHEMONT N,CH,EUR
CH0244767585,UBS GROUP,CH,EUR
CH0319416936,FLUGHAFEN ZURICH,CH,EUR
CH0418792922,SIKA,CH,EUR
CH1169151003,GEORG FISCHER,CH,EUR
CH1175448666,STRAUMANN HLDG.,CH,EUR
CH1216478797,DSM FIRMENICH,CH,EUR
CH1256740924,SGS 'N',CH,EUR
DE0005089031,UNITED INTERNET,DE,EUR
DE0005140008,DEUTSCHE BANK,DE,EUR
DE0005190003,BMW,DE,EUR
DE0005200000,BEIERSDORF,DE,EUR
DE0005408884,LEONI DEAD - DELIST.21/08/23,DE,EUR
DE0005439004,CONTINENTAL,DE,EUR
DE0005470405,LANXESS,DE,EUR
DE0005552004,DEUTSCHE POST,DE,EUR
DE0005557508,DEUTSCHE TELEKOM,DE,EUR
DE0005773303,FRAPORT,DE,EUR
DE0005785604,FRESENIUS,DE,EUR
DE0005785802,FRESENIUS MED.CARE,DE,EUR
DE0005810055,DEUTSCHE BOERSE,DE,EUR
DE0005909006,BILFINGER BERGER,DE,EUR
DE0006047004,HEIDELBERG MATERIALS,DE,EUR
DE0006048432,HENKEL PREFERENCE,DE,EUR
DE0006070006,HOCHTIEF,DE,EUR
DE0006202005,SALZGITTER,DE,EUR
DE0006231004,INFINEON TECHNOLOGIES,DE,EUR
DE0006569908,MLP,DE,EUR
DE0006599905,MERCK KGAA,DE,EUR
DE0006602006,GEA GROUP,DE,EUR
DE0006969603,PUMA,DE,EUR
DE0007030009,RHEINMETALL,DE,EUR
DE0007037129,RWE,DE,EUR
DE0007042301,RHOEN-KLINIKUM,DE,EUR
DE0007100000,MERCEDES-BENZ GROUP N,DE,EUR
DE0007164600,SAP,DE,EUR
DE0007236101,SIEMENS,DE,EUR
DE0007257503,CECONOMY,DE,EUR
DE0007297004,SUEDZUCKER,DE,EUR
DE0007314007,HEIDELB.DRUCKMASCHINEN,DE,EUR
DE0007500001,THYSSENKRUPP,DE,EUR
DE0007507501,WASHTEC,DE,EUR
DE0007664039,VOLKSWAGEN PREF.,DE,EUR
DE0008232125,DEUTSCHE LUFTHANSA,DE,EUR
DE0008402215,HANNOVER RUECK,DE,EUR
DE0008404005,ALLIANZ,DE,EUR
DE0008430026,MUNCH. RVRS.GESELL. MUNCH.N,DE,EUR
DE000A0D6554,NORDEX,DE,EUR
DE000A0D9PT0,MTU AERO ENGINES HLDG.,DE,EUR
DE000A0S8488,HAMB.HAFEN UD.LOGISTIK,DE,EUR
DE000A0WMPJ6,AIXTRON,DE,EUR
DE000A1EWWW0,ADIDAS,DE,EUR
DE000A2GS401,SOFTWARE N DEAD - DELIST.26/08/24,DE,EUR
DE000BASF111,BASF,DE,EUR
DE000BAY0017,BAYER,DE,EUR
DE000CBK1001,COMMERZBANK,DE,EUR
DE000CLS1001,MCKESSON EUROPE DEAD - DELIST.15/06/23,DE,EUR
DE000ENAG999,E ON N,DE,EUR
DE000KSAG888,K S N,DE,EUR
DE000PSM7770,PROSIEBENSAT 1 MEDIA,DE,EUR
DE000TUAG505,TUI N,DE,EUR
DK0010181759,CARLSBERG B,DK,EUR
DK0010234467,FLSMIDTH AND B,DK,EUR
DK0010244508,A P MOLLER MAERSK B,DK,EUR
DK0010272632,GN STORE NORD,DK,EUR
DK0010274414,DANSKE BANK,DK,EUR
DK0010287663,NKT,DK,EUR
DK0010307958,JYSKE BANK,DK,EUR
DK0010311471,AL SYDBANK,DK,EUR
DK0060079531,DSV,DK,EUR
DK0060336014,NOVOZYMES B,DK,EUR
DK0060448595,COLOPLAST B,DK,EUR
DK0060477503,TOPDANMARK DEAD - DELIST.21/10/24,DK,EUR
DK0060636678,TRYG,DK,EUR
DK0060738599,DEMANT,DK,EUR
DK0061539921,VESTAS WINDSYSTEMS,DK,EUR
DK0061804697,H LUNDBECK A,DK,EUR
ES0109427734,ATRESMEDIA CORPN.DE MEDIOS DE CMNI.,ES,EUR
ES0112501012,EBRO FOODS,ES,EUR
ES0113211835,BBV.ARGENTARIA,ES,EUR
ES0113679I37,BANKINTER 'R',ES,EUR
ES0113860A34,BANCO DE SABADELL,ES,EUR
ES0113900J37,BANCO SANTANDER,ES,EUR
ES0116870314,NATURGY ENERGY GROUP,ES,EUR
ES0117160111,CORPORACION FINCA.ALBA DEAD - DELIST.08/05/25,ES,EUR
ES0118594417,INDRA SISTEMAS,ES,EUR
ES0122060314,FOMENTO CONSTR.Y CNTR.,ES,EUR
ES0124244E34,MAPFRE,ES,EUR
ES0125220311,ACCIONA,ES,EUR
ES0130670112,ENDESA,ES,EUR
ES0130960018,ENAGAS,ES,EUR
ES0132105018,ACERINOX 'R',ES,EUR
ES0134950F36,FAES FARMA,ES,EUR
ES0142090317,OBRASCON HUARTE LAIN,ES,EUR
ES0144580Y14,IBERDROLA,ES,EUR
ES0148396007,INDUSTRIA DE DISENO TEXTIL,ES,EUR
ES0152503035,MEDIASET ESPANA COMUNICACION,ES,EUR
ES0161560018,MINOR HOTELS EUROPE & AMERICAS,ES,EUR
ES0167050915,ACS ACTIV.CONSTR.Y SERV.,ES,EUR
ES0171743901,PROMOTORA DE INFORMACIONES,ES,EUR
ES0171996087,GRIFOLS ORD CL A,ES,EUR
ES0173093024,REDEIA CORPORACION,ES,EUR
ES0173516115,REPSOL YPF,ES,EUR
ES0178430E18,TELEFONICA,ES,EUR
ES0182870214,SACYR,ES,EUR
ES0184933812,ZARDOYA OTIS DEAD - DELIST.09/05/22,ES,EUR
FI0009000202,KESKO B,FI,EUR
FI0009000277,TIETOEVRY,FI,EUR
FI0009000459,HUHTAMAKI,FI,EUR
FI0009000681,NOKIA,FI,EUR
FI0009002158,UPONOR DEAD - DELIST.30/04/24,FI,EUR
FI0009002422,OUTOKUMPU 'A',FI,EUR
FI0009003727,WARTSILA,FI,EUR
FI0009005318,NOKIAN RENKAAT,FI,EUR
FI0009005870,KONECRANES,FI,EUR
FI0009005961,STORA ENSO R,FI,EUR
FI0009005987,UPM-KYMMENE,FI,EUR
FI0009007132,FORTUM,FI,EUR
FI0009007694,SANOMA,FI,EUR
FI0009007884,ELISA,FI,EUR
FI0009013296,NESTE,FI,EUR
FI0009013403,KONE B,FI,EUR
FI0009800643,YIT,FI,EUR
FI4000297767,NORDEA BANK,FI,EUR
FI4000440664,NELES DEAD - DELIST.01/04/22,FI,EUR
FR0000035081,ICADE REIT,FR,EUR
FR0000039109,SECHE ENVIRONNEMENT,FR,EUR
FR0000044448,NEXANS,FR,EUR
FR0000045072,CREDIT AGRICOLE,FR,EUR
FR0000051070,MAUREL ET PROM,FR,EUR
FR0000052292,HERMES INTL.,FR,EUR
FR0000053225,M6-METROPOLE TV,FR,EUR
FR0000054470,UBISOFT ENTERTAINMENT CAT A,FR,EUR
FR0000054900,TF1 (TV.FSE.1),FR,EUR
FR0000064578,COVIVIO,FR,EUR
FR0000073272,SAFRAN,FR,EUR
FR0000077919,JCDECAUX,FR,EUR
FR0000120073,L AIR LQE.SC.ANYME. POUR L ETUDE ET L EPXTN.,FR,EUR
FR0000120172,CARREFOUR,FR,EUR
FR0000120222,CNP ASSURANCES DEAD - DELIST.20/06/22,FR,EUR
FR0000120271,TOTALENERGIES,FR,EUR
FR0000120321,L'OREAL,FR,EUR
FR0000120404,ACCOR,FR,EUR
FR0000120503,BOUYGUES,FR,EUR
FR0000120560,QUADIENT,FR,EUR
FR0000120578,SANOFI,FR,EUR
FR0000120628,AXA,FR,EUR
FR0000120644,DANONE,FR,EUR
FR0000120693,PERNOD-RICARD,FR,EUR
FR0000120859,IMERYS,FR,EUR
FR0000120966,BIC,FR,EUR
FR0000121014,LVMH,FR,EUR
FR0000121121,EURAZEO,FR,EUR
FR0000121204,WENDEL,FR,EUR
FR0000121220,SODEXO,FR,EUR
FR0000121329,THALES,FR,EUR
FR0000121485,KERING,FR,EUR
FR0000121667,ESSILORLUXOTTICA,FR,EUR
FR0000121964,KLEPIERRE REIT,FR,EUR
FR0000121972,SCHNEIDER ELECTRIC,FR,EUR
FR0000124141,VEOLIA ENVIRON,FR,EUR
FR0000125007,SAINT GOBAIN,FR,EUR
FR0000125338,CAPGEMINI,FR,EUR
FR0000125486,VINCI,FR,EUR
FR0000127771,VIVENDI,FR,EUR
FR0000130213,LAGARDERE GROUPE,FR,EUR
FR0000130395,REMY COINTREAU,FR,EUR
FR0000130403,CHRISTIAN DIOR,FR,EUR
FR0000130452,EIFFAGE,FR,EUR
FR0000130577,PUBLICIS GROUPE,FR,EUR
FR0000130809,SOCIETE GENERALE,FR,EUR
FR0000131104,BNP PARIBAS,FR,EUR
FR0000131757,ERAMET,FR,EUR
FR0000131906,RENAULT,FR,EUR
FR0000133308,ORANGE,FR,EUR
FR0010040865,GECINA,FR,EUR
FR0010220475,ALSTOM,FR,EUR
FR0010221234,EUTELSAT COMMUNICATIONS,FR,EUR
FR0010242511,EDF DEAD - DELIST.08/06/23,FR,EUR
FR0010307819,LEGRAND,FR,EUR
FR0010313833,ARKEMA,FR,EUR
FR0010340141,ADP,FR,EUR
FR0010411983,SCOR SE,FR,EUR
FR0010533075,GETLINK,FR,EUR
FR0013176526,VALEO,FR,EUR
FR0013280286,BIOMERIEUX,FR,EUR
FR0013326246,UNIBAIL RODAMCO WE STAPLED UNITS,FR,EUR
FR0013505062,VANTIVA,FR,EUR
FR0013506730,VALLOUREC,FR,EUR
FR0014003TT8,DASSAULT SYSTEMES,FR,EUR
FR001400AJ45,MICHELIN,FR,EUR
GB0000163088,SPEEDY HIRE,GB,EUR
GB0000365774,AEP PLANTATIONS,GB,EUR
GB0000456144,ANTOFAGASTA,GB,EUR
GB0000536739,ASHTEAD GROUP,GB,EUR
GB0000600931,BRAEMAR,GB,EUR
GB0000811801,BARRATT REDROW,GB,EUR
GB0000904986,BELLWAY,GB,EUR
GB0000961622,BALFOUR BEATTY,GB,EUR
GB0001048619,TED BAKER DEAD - DELIST.24/10/22,GB,EUR
GB0001110096,BOOT (HENRY),GB,EUR
GB0001367019,BRITISH LAND,GB,EUR
GB0001500809,TULLOW OIL,GB,EUR
GB0001570810,XAAR,GB,EUR
GB0001638955,WETHERSPOON (JD),GB,EUR
GB0001667087,CAMELLIA,GB,EUR
GB0001765816,BREWIN DOLPHIN DEAD - DELIST.28/09/22,GB,EUR
GB0001795680,CASTINGS,GB,EUR
GB0001826634,DIPLOMA,GB,EUR
GB0001859296,VISTRY GROUP,GB,EUR
GB0002015021,TCLARKE DEAD - DELIST.26/06/24,GB,EUR
GB0002018363,CLARKSON,GB,EUR
GB0002074580,GENUS,GB,EUR
GB0002148343,RATHBONES GROUP,GB,EUR
GB0002318888,CRANSWICK,GB,EUR
GB0002349065,REA HOLDINGS,GB,EUR
GB0002374006,DIAGEO,GB,EUR
GB0002418548,ELEMENTIS,GB,EUR
GB0002634946,BAE SYSTEMS,GB,EUR
GB0002652740,DERWENT LONDON,GB,EUR
GB0002670437,DEVRO DEAD - DELIST.14/04/23,GB,EUR
GB0002869419,BIG YELLOW GROUP,GB,EUR
GB0002875804,BRITISH AMERICAN TOBACCO,GB,EUR
GB0003062816,TOWN CENTRE SECURITIES,GB,EUR
GB0003096442,RS GROUP,GB,EUR
GB0003308607,SPECTRIS DEAD - DELIST.05/12/25,GB,EUR
GB0003395000,FISHER(JAMES)& SONS,GB,EUR
GB0003452173,FIRST GROUP,GB,EUR
GB0003718474,GAMES WORKSHOP,GB,EUR
GB0003753778,GO-AHEAD GROUP DEAD - DELIST.11/10/22,GB,EUR
GB0004052071,HALMA,GB,EUR
GB0004082847,STANDARD CHARTERED,GB,EUR
GB0004161021,HAYS,GB,EUR
GB0004170089,HEADLAM GROUP,GB,EUR
GB0004270301,HILL AND SMITH,GB,EUR
GB0004478896,HUNTING,GB,EUR
GB0004544929,IMPERIAL BRANDS,GB,EUR
GB0004657408,MITIE GROUP,GB,EUR
GB0004726096,SPIRENT COMMUNICATIONS DEAD - DELIST.17/10/25,GB,EUR
GB0004866223,KELLER,GB,EUR
GB0004915632,KIER GROUP,GB,EUR
GB0005405286,HSBC HOLDINGS,GB,EUR
GB0005522007,MCKAY SECURITIES DEAD - DELIST.09/05/22,GB,EUR
GB0005576813,HOWDEN JOINERY GP.,GB,EUR
GB0005603997,LEGAL & GENERAL,GB,EUR
GB0005630420,MEARS GROUP,GB,EUR
GB0005746358,MCBRIDE,GB,EUR
GB0005758098,MEGGITT DEAD - DELIST.14/09/22,GB,EUR
GB0005790059,MENZIES (JOHN) DEAD - DELIST.05/08/22,GB,EUR
GB0006027295,MORGAN ADVANCED MRA.,GB,EUR
GB0006215205,MOBICO GROUP,GB,EUR
GB0006449366,ECORA ROYALTIES,GB,EUR
GB0006640972,4IMPRINT GROUP,GB,EUR
GB0006650450,OXFORD INSTRUMENTS,GB,EUR
GB0006731235,ASSOCIATED BRIT.FOODS,GB,EUR
GB0006776081,PEARSON,GB,EUR
GB0006825383,PERSIMMON,GB,EUR
GB0006886666,EUROMONEY INSTL.INVESTOR DEAD - DELIST.25/11/22,GB,EUR
GB0006928617,UNITE GROUP,GB,EUR
GB0006963689,PORVAIR,GB,EUR
GB0007099541,PRUDENTIAL,GB,EUR
GB0007188757,RIO TINTO,GB,EUR
GB0007323586,RENISHAW,GB,EUR
GB0007370074,RICARDO DEAD - DELIST.13/10/25,GB,EUR
GB0007388407,LIONTRUST ASSET MAN.,GB,EUR
GB0007594764,RPS GROUP DEAD - DELIST.24/01/23,GB,EUR
GB0007668071,CLOSE BROTHERS GROUP,GB,EUR
GB0007669376,ST.JAMES'S PLACE ORD,GB,EUR
GB0007689002,KIN AND CARTA DEAD - DELIST.29/04/24,GB,EUR
GB0007908733,SSE,GB,EUR
GB0007958233,SENIOR,GB,EUR
GB0007973794,SERCO GROUP,GB,EUR
GB0007980591,BP,GB,EUR
GB0008025412,SIG,GB,EUR
GB0008085614,MORGAN SINDALL GROUP,GB,EUR
GB0008220112,SMITH (DS) DEAD - DELIST.04/02/25,GB,EUR
GB0008475088,ROBERT WALTERS,GB,EUR
GB0008481250,ME GROUP INTERNATIONAL,GB,EUR
GB0008706128,LLOYDS BANKING GROUP,GB,EUR
GB0008711763,TT ELECTRONICS,GB,EUR
GB0008782301,TAYLOR WIMPEY,GB,EUR
GB0008794710,TELECOM PLUS,GB,EUR
GB0009067447,MOTHERCARE,GB,EUR
GB0009123323,ULTRA ELECTRONICS DEAD - DELIST.02/08/22,GB,EUR
GB0009223206,SMITH & NEPHEW,GB,EUR
GB0009286963,VP,GB,EUR
GB0009292243,VICTREX,GB,EUR
GB0009296665,VIDENDUM,GB,EUR
GB0009465807,WEIR GROUP,GB,EUR
GB0009633180,DECHRA PHARMACEUTICALS DEAD - DELIST.17/01/24,GB,EUR
GB0009692319,WILMINGTON,GB,EUR
GB0009697037,BABCOCK INTERNATIONAL,GB,EUR
GB0009895292,ASTRAZENECA,GB,EUR
GB0022569080,AMDOCS,US,AMER
GB0030181522,TRIBAL GROUP,GB,EUR
GB0030232317,PAGEGROUP,GB,EUR
GB0030329360,WINCANTON DEAD - DELIST.30/04/24,GB,EUR
GB0030913577,BT GROUP,GB,EUR
GB0031274896,MARKS & SPENCER GROUP,GB,EUR
GB0031348658,BARCLAYS,GB,EUR
GB0031638363,INTERTEK GROUP,GB,EUR
GB0031743007,BURBERRY GROUP,GB,EUR
GB0032089863,NEXT,GB,EUR
GB0033147751,BLOOMSBURY PBL.,GB,EUR
GB0033195214,KINGFISHER,GB,EUR
GB0033986497,ITV,GB,EUR
GB0034291418,CENTAUR MEDIA,GB,EUR
GB00B00FPT80,CHESNARA,GB,EUR
GB00B012BV22,MARSHALLS,GB,EUR
GB00B012TP20,HALFORDS GROUP,GB,EUR
GB00B019KW72,SAINSBURY J,GB,EUR
GB00B01CZ652,HORNBY DEAD - DELIST.10/04/25,GB,EUR
GB00B01QGK86,NCC GROUP,GB,EUR
GB00B02J6398,ADMIRAL GROUP,GB,EUR
GB00B033F229,CENTRICA,GB,EUR
GB00B03HDJ73,ESKEN LIMITED DEAD - DELIST.02/04/24,GB,EUR
GB00B04V1276,GRAINGER,GB,EUR
GB00B06QFB75,IG GROUP HOLDINGS,GB,EUR
GB00B0744359,ESSENTRA,GB,EUR
GB00B0744B38,BUNZL,GB,EUR
GB00B082RF11,RENTOKIL INITIAL,GB,EUR
GB00B0FYMT95,HELICAL REIT,GB,EUR
GB00B0KM9T71,STHREE,GB,EUR
GB00B0LCW083,HIKMA PHARMACEUTICALS,GB,EUR
GB00B0N8QD54,BRITVIC DEAD - DELIST.20/01/25,GB,EUR
GB00B0SWJX34,LONDON STOCK EXCHANGE GROUP,GB,EUR
GB00B0WMWD03,QINETIQ GROUP,GB,EUR
GB00B0YG1K06,RESTAURANT GROUP DEAD - DELIST.22/12/23,GB,EUR
GB00B128J450,IP GROUP,GB,EUR
GB00B132NW22,ASHMORE GROUP,GB,EUR
GB00B135BJ46,SAVILLS,GB,EUR
GB00B17MMZ46,LOOKERS DEAD - DELIST.09/10/23,GB,EUR
GB00B18P5K83,TOPPS TILES,GB,EUR
GB00B19Z1432,PZ CUSSONS,GB,EUR
GB00B1FH8J72,SEVERN TRENT,GB,EUR
GB00B1FP6H53,MITCHELLS & BUTLERS,GB,EUR
GB00B1FW5029,HOCHSCHILD MINING,GB,EUR
GB00B1G5HX72,LSL PROPERTY SERVICES,GB,EUR
GB00B1JQDM80,MARSTON'S,GB,EUR
GB00B1KJJ408,WHITBREAD,GB,EUR
GB00B1L5QH97,RANK GROUP,GB,EUR
GB00B1P6ZR11,BROWN GROUP DEAD - DELIST.13/02/25,GB,EUR
GB00B1VNSX38,DRAX GROUP,GB,EUR
GB00B1WY2338,SMITHS GROUP,GB,EUR
GB00B1XH2C03,FERREXPO,CH,EUR
GB00B1YW4409,3I GROUP,GB,EUR
GB00B27YGJ97,SEVERFIELD,GB,EUR
GB00B2B0DG97,RELX,GB,EUR
GB00B2NGPM57,PARAGON BANKING GROUP,GB,EUR
GB00B2PDGW16,WH SMITH,GB,EUR
GB00B39J2M42,UNITED UTILITIES GROUP,GB,EUR
GB00B3CX3644,STV GROUP,GB,EUR
GB00B3DGH821,DE LA RUE ORD DEAD - DELIST.03/07/25,GB,EUR
GB00B3FLWH99,BODYCOTE,GB,EUR
GB00B41H7391,ZIGUP,GB,EUR
GB00B45C9X44,CHEMRING GROUP,GB,EUR
GB00B572ZV91,PHAROS ENERGY,GB,EUR
GB00B5N0P849,WOOD GROUP (JOHN),GB,EUR
GB00B5ZN1N88,SEGRO,GB,EUR
GB00B61TVQ02,INCHCAPE,GB,EUR
GB00B63H8491,ROLLS-ROYCE HOLDINGS,GB,EUR
GB00B63QSB39,GREGGS,GB,EUR
GB00B64NSP76,COSTAIN GROUP,GB,EUR
GB00B67G5X01,WORKSPACE GROUP,GB,EUR
GB00B6XZKY75,BARR (AG),GB,EUR
GB00B6YTLS95,STAGECOACH GROUP DEAD - DELIST.28/06/22,GB,EUR
GB00B71N6K86,EVRAZ SUSP - SUSP.06/12/23,GB,EUR
GB00B7KR2P84,EASYJET,GB,EUR
GB00B82YXW83,VESUVIUS,GB,EUR
GB00B8B4R053,STUDIO RETAIL GROUP DEAD - DELIST.25/02/22,GB,EUR
GB00B8C3BL03,THE SAGE GROUP,GB,EUR
GB00BD6K4575,COMPASS GROUP,GB,EUR
GB00BD736828,AIR PARTNER DEAD - DEAD 04/04/22,GB,EUR
GB00BDCPN049,COCA COLA EUROPACIFIC PARTNERS,GB,EUR
GB00BDFBVT43,OXFORD BIOMEDICA,GB,EUR
GB00BDR05C01,NATIONAL GRID,GB,EUR
GB00BF044593,CLS HOLDINGS,GB,EUR
GB00BF5H9P87,GREAT PORTLAND ESTATES,GB,EUR
GB00BF8Q6K64,ABERDEEN GROUP,GB,EUR
GB00BG11K365,REDROW DEAD - DELIST.23/08/24,GB,EUR
GB00BGDT3G23,RIGHTMOVE,GB,EUR
GB00BGLP8L22,IMI,GB,EUR
GB00BH4HKS39,VODAFONE GROUP,GB,EUR
GB00BHJYC057,ICTL.HTLS.GP.,GB,EUR
GB00BJ1F4N75,MICRO FOCUS INTL. DEAD - DELIST.01/02/23,GB,EUR
GB00BJFFLV09,CRODA INTERNATIONAL,GB,EUR
GB00BJQZC279,DAILY MAIL 'A' DEAD - DELIST.10/01/22,GB,EUR
GB00BJT0FF39,RM,GB,EUR
GB00BK9RKT01,TRAVIS PERKINS,GB,EUR
GB00BKP36R26,HYVE GROUP DEAD - DELIST.23/05/23,GB,EUR
GB00BKY40Q38,GALLIFORD TRY,GB,EUR
GB00BL6XZ716,CAPITAL & REGIONAL DEAD - DELIST.11/12/24,GB,EUR
GB00BLGZ9862,TESCO,GB,EUR
GB00BM8PJY71,NATWEST GROUP,GB,EUR
GB00BM8Q5M07,JD SPORTS FASHION,GB,EUR
GB00BMJ6DW54,INFORMA,GB,EUR
GB00BMXNWH07,NOBLE CORPORATION,US,AMER
GB00BN7SWP63,GLAXOSMITHKLINE,GB,EUR
GB00BNGDN821,MELROSE INDUSTRIES,GB,EUR
GB00BNNTLN49,PENNON GROUP,GB,EUR
GB00BNR4T868,RENEWI DEAD - DELIST.09/06/25,GB,EUR
GB00BP6MXD84,SHELL,GB,EUR
GB00BP92CJ43,TATE & LYLE,GB,EUR
GB00BP9LHF23,SCHRODERS,GB,EUR
GB00BPQY8M80,AVIVA,GB,EUR
GB00BRB37M78,DIGNITY DEAD - DELIST.25/05/23,GB,EUR
GB00BRKD9Z53,MJ GLEESON,GB,EUR
GB00BV9FP302,COMPUTACENTER,GB,EUR
GB00BVFNZH21,ROTORK,GB,EUR
GB00BWFGQN14,SPIRAX GROUP,GB,EUR
GB00BYQ0JC66,BEAZLEY,GB,EUR
GB00BYRJ5J14,PRIMARY HEALTH PROPS.,GB,EUR
GB00BYT1DJ19,ICG,GB,EUR
GB00BYW0PQ60,LAND SECURITIES GROUP,GB,EUR
GB00BYYTFB60,HOMESERVE DEAD - DELIST.05/01/23,GB,EUR
GB00BYZN9041,FUTURE,GB,EUR
GB00BZ4BQC70,JOHNSON MATTHEY,GB,EUR
IE0001827041,CRH PUBLIC LIMITED,IE,EUR
IE0002424939,DCC,IE,EUR
IE0003864109,GREENCORE GROUP,IE,EUR
IE0004906560,KERRY GROUP 'A',IE,EUR
IE0004927939,KINGSPAN GROUP,IE,EUR
IE00B00MZ448,GRAFTON GROUP,IE,EUR
IE00B010DT83,C&C GROUP,IE,EUR
IE00B4BNMY34,ACCENTURE CLASS A,IE,EUR
IE00B8KQN827,EATON,IE,EUR
IE00BD1RP616,BANK OF IRELAND GROUP,IE,EUR
IE00BDB6Q211,WILLIS TOWERS WATSON,GB,EUR
IE00BF0L3536,AIB GROUP,IE,EUR
IE00BGH1M568,PERRIGO,IE,EUR
IE00BJ3V9050,ENDO INTERNATIONAL DEAD - DELIST.02/05/24,IE,EUR
IE00BK9ZQ967,TRANE TECHNOLOGIES,IE,EUR
IE00BLP1HW54,AON CLASS A,IE,EUR
IE00BLS09M33,PENTAIR,GB,EUR
IE00BTN1Y115,MEDTRONIC,IE,EUR
IE00BWB8X525,PERMANENT TSB GHG.,IE,EUR
IE00BWT6H894,FLUTTER ENTERTAINMENT,US,AMER
IE00BY7QL619,JOHNSON CONTROLS INTL.,IE,EUR
IE00BYTBXV33,RYANAIR HOLDINGS,IE,EUR
IL0002300114,BEZEQ ISRAELI TELECOMMUNICATION,IL,EUR
IL0002730112,NICE,IL,EUR
IL0002810146,ICL GROUP,IL,EUR
IL0005760173,ISRAEL CORPORATION LTD.,IL,EUR
IL0005930388,FIRST INTL.BK.OF ISR.,IL,EUR
IL0006046119,LEUMI LTD.,IL,EUR
IL0006625771,BANK HAPOALIM B M LTD.,IL,EUR
IL0006954379,MIZRAHI TEFAHOT LTD.,IL,EUR
IL0010811243,ELBIT SYSTEMS,IL,EUR
IL0010824113,CHECK POINT SFTW.TECHS.,IL,EUR
IL0010841281,DELEK GROUP,IL,EUR
IL0010849045,BATM ADVANCED COMMS.,IL,EUR
IL0010943905,AMIAD WATER SYSTEMS,IL,EUR
IL0011015349,CELLCOM,IL,EUR
IT0000062072,GENERALI,IT,EUR
IT0000062957,MEDIOBANCA BC.FIN,IT,EUR
IT0000066123,BPER BANCA,IT,EUR
IT0000072618,INTESA SANPAOLO,IT,EUR
IT0000784154,CATTOLICA ASSICURAZIONI DEAD - DELIST.12/08/22,IT,EUR
IT0000784196,BANCA PPO.DI SONDRIO,IT,EUR
IT0001042610,SABAF,IT,EUR
IT0001137345,AUTOGRILL DEAD - DELIST.24/07/23,IT,EUR
IT0001233417,A2A,IT,EUR
IT0001347308,BUZZI,IT,EUR
IT0001469383,ARNOLDO MONDADORI EDI.,IT,EUR
IT0003128367,ENEL,IT,EUR
IT0003132476,ENI,IT,EUR
IT0003153415,SNAM,IT,EUR
IT0003242622,TERNA RETE ELETTRICA NAZ,IT,EUR
IT0003497168,TELECOM ITALIA,IT,EUR
IT0003506190,ATLANTIA DEAD - DELIST.09/12/22,IT,EUR
IT0003856405,LEONARDO,IT,EUR
IT0004810054,UNIPOL ASSICURAZIONI SPA,IT,EUR
IT0004827447,UNIPOLSAI DEAD - DELIST.03/07/24,IT,EUR
IT0005218380,BANCO BPM,IT,EUR
IT0005239360,UNICREDIT,IT,EUR
IT0005495657,SAIPEM,IT,EUR
IT0005496473,TESSELLIS,IT,EUR
IT0005508921,BANCA MONTE DEI PASCHI,IT,EUR
JE00B8KF9B49,WPP,GB,EUR
JE00BJ1DLW90,MAN GROUP,GB,EUR
JE00BYVQYS01,INTERNATIONAL WORKPLACE GROUP,CH,EUR
LR0008862868,ROYAL CARIBBEAN GROUP,US,AMER
LU0075646355,SUBSEA 7,GB,EUR
NL0000008977,HEINEKEN HOLDING,NL,EUR
NL0000009082,KPN KON,NL,EUR
NL0000009165,HEINEKEN,NL,EUR
NL0000009538,PHILIPS ELTN.KONINKLIJKE,NL,EUR
NL0000226223,STMICROELECTRONICS,NL,EUR
NL0000235190,AIRBUS,NL,EUR
NL0000289213,WERELDHAVE,NL,EUR
NL0000337319,BAM GROEP KON.,NL,EUR
NL0000360618,SBM OFFSHORE,NL,EUR
NL0000379121,RANDSTAD,NL,EUR
NL0000395903,WOLTERS KLUWER,NL,EUR
NL0006237562,ARCADIS,NL,EUR
NL0009432491,KONINKLIJKE VOPAK,NL,EUR
NL0010273215,ASML HOLDING,NL,EUR
NL0010583399,CORBION NV C,NL,EUR
NL0011794037,KONINKLIJKE AHOLD DELHAIZE,NL,EUR
NL0011821202,ING GROEP,NL,EUR
NL0013267909,AKZO NOBEL,NL,EUR
NL0013332471,TOM TOM,NL,EUR
NL00150001Q9,STELLANTIS,NL,EUR
NL00150003E1,FUGRO C,NL,EUR
NL0015001FS8,FERROVIAL,NL,EUR
NL0015435975,DAVIDE CAMPARI MILANO,IT,EUR
NO0003028904,VEND SERA DEAD - DELIST.28/10/25,NO,EUR
NO0003053605,STOREBRAND,NO,EUR
NO0003054108,MOWI,NO,EUR
NO0003078800,TGS,NO,EUR
NO0003733800,ORKLA,NO,EUR
NO0005052605,NORSK HYDRO,NO,EUR
NO0010063308,TELENOR,NO,EUR
NO0010096985,EQUINOR,NO,EUR
NO0010112675,REC SILICON,NO,EUR
NO0010199151,PGS DEAD - DELIST.02/07/24,NO,EUR
NO0010208051,YARA INTERNATIONAL,NO,EUR
NO0010215684,AKASTOR,NO,EUR
NO0010861990,PROSAFE,NO,EUR
NO0012470089,TOMRA SYSTEMS,NO,EUR
PA1436583006,CARNIVAL,US,AMER
PR7331747001,POPULAR,PR,EUR
PTBCP0AM0015,BANCO COMR.PORTUGUES 'R',PT,EUR
PTEDP0AM0009,EDP ENERGIAS DE PORTUGAL,PT,EUR
PTJMT0AE0001,JERONIMO MARTINS,PT,EUR
PTSON0AM0001,SONAE SGPS,PT,EUR
PTZON0AM0006,NOS SGPS,PT,EUR
SE0000106270,HENNES & MAURITZ B,SE,EUR
SE0000108227,SKF B,SE,EUR
SE0000108656,ERICSSON B,SE,EUR
SE0000111940,RATOS B,SE,EUR
SE0000112724,SVENSKA CELLULOSA AKTIEBOLAGET SCA B,SE,EUR
SE0000113250,SKANSKA B,SE,EUR
SE0000114837,TRELLEBORG B,SE,EUR
SE0000148884,SKANDINAVISKA ENSKILDA BANKEN A,SE,EUR
SE0000163594,SECURITAS B,SE,EUR
SE0000163628,ELEKTA B,SE,EUR
SE0000171100,SSAB A,SE,EUR
SE0000190126,INDUSTRIVARDEN A,SE,EUR
SE0000202624,GETINGE B,SE,EUR
SE0000242455,SWEDBANK A,SE,EUR
SE0000379190,CASTELLUM,SE,EUR
SE0000667891,SANDVIK,SE,EUR
SE0000667925,TELIA COMPANY,SE,EUR
SE0000695876,ALFA LAVAL,SE,EUR
SE0000806994,JM,SE,EUR
SE0000862997,BILLERUD AKTIEBOLAG,SE,EUR
SE0000949331,NOBIA,SE,EUR
SE0001662230,HUSQVARNA B,SE,EUR
SE0003366871,SAS DEAD - DELIST.14/08/24,SE,EUR
SE0005190238,TELE2 B,SE,EUR
SE0006993770,AXFOOD,SE,EUR
SE0007100581,ASSA ABLOY B,SE,EUR
SE0007100599,SVENSKA HANDELSBANKEN A,SE,EUR
SE0011090018,HOLMEN B,SE,EUR
SE0011166974,FABEGE,SE,EUR
SE0011256312,ENIRO GROUP,SE,EUR
SE0015811955,INVESTOR A,SE,EUR
SE0015812219,SWEDISH MATCH DEAD - DELIST.02/01/23,SE,EUR
SE0015961909,HEXAGON B,SE,EUR
SE0015988019,NIBE INDUSTRIER,SE,EUR
SE0016589188,ELECTROLUX B,SE,EUR
SE0017486889,ATLAS COPCO A,SE,EUR
SE0018012494,MODERN TIMES GROUP MTG B,SE,EUR
SE0018012635,WIHLBORGS FASTIGHETER,SE,EUR
SE0020050417,BOLIDEN ORD SHS,SE,EUR
US0010551028,AFLAC,US,AMER
US0010841023,AGCO,US,AMER
US00130H1059,AES,US,AMER
US00206R1023,AT&T,US,AMER
US0028241000,ABBOTT LABORATORIES,US,AMER
US0028962076,ABERCROMBIE & FITCH 'A',US,AMER
US00507V1098,ACTIVISION BLIZZARD DEAD - DELIST.16/10/23,US,AMER
US00724F1012,ADOBE (NAS),US,AMER
US00737L1035,ADTALEM GLOBAL EDUCATION,US,AMER
US00751Y1064,ADV.AUTO PARTS,US,AMER
US0079031078,ADVANCED MICRO DEVICES,US,AMER
US0082521081,AFFILIATED MANAGERS,US,AMER
US00846U1016,AGILENT TECHS.,US,AMER
US0091581068,AIR PRDS.& CHEMS.,US,AMER
US00971T1016,AKAMAI TECHS.,US,AMER
US0126531013,ALBEMARLE,US,AMER
US0144911049,ALEXANDER AND BALDWIN,US,AMER
US0152711091,ALEXANDRIA REAL ESTATE EQUITIES REIT,US,AMER
US0171751003,ALLEGHANY DEAD - DELIST.19/10/22,US,AMER
US01741R1023,ATI,US,AMER
US0185811082,BREAD FINANCIAL HOLDINGS,US,AMER
US0188021085,ALLIANT ENERGY (XSC),US,AMER
US0200021014,ALLSTATE ORD SHS,US,AMER
US02079K3059,ALPHABET 'A',US,AMER
US02209S1033,ALTRIA GROUP,US,AMER
US0231351067,AMAZON.COM,US,AMER
US0236081024,AMEREN,US,AMER
US0255371017,AMER.ELEC.PWR.,US,AMER
US02553E1064,AMER.EAG.OUTFITTERS,US,AMER
US0258161092,AMERICAN EXPRESS,US,AMER
US0259321042,AMERICAN FINL.GP.OHIO,US,AMER
US0268747849,AMERICAN INTL.GP.,US,AMER
US02772A1097,AMERICAN NATIONAL GROUP DEAD - DELIST.26/05/22,US,AMER
US03027X1000,AMERICAN TOWER,US,AMER
US03062T1051,AMERICA S CAR MART,US,AMER
US03073E1055,CENCORA,US,AMER
US03076C1062,AMERIPRISE FINL.,US,AMER
US0311001004,AMETEK,US,AMER
US0311621009,AMGEN,US,AMER
US0320951017,AMPHENOL 'A',US,AMER
US0326541051,ANALOG DEVICES,US,AMER
US0367521038,ELEVANCE HEALTH,US,AMER
US03743Q1085,APA,US,AMER
US03748R7474,APARTMENT INV.& MAN.'A',US,AMER
US0375981091,APOGEE ENTERPRISES,US,AMER
US0378331005,APPLE,US,AMER
US0382221051,APPLIED MATS.,US,AMER
US0383361039,APTARGROUP,US,AMER
US03940R1077,ARCH RESOURCES A DEAD - DELIST.14/01/25,US,AMER
US0394831020,ARCHER DANIELS MIDLAND,US,AMER
US0427351004,ARROW ELECTRONICS,US,AMER
US0441861046,ASHLAND,US,AMER
US0454871056,ASSOCIATED BANC-CORP,US,AMER
US04621X1081,ASSURANT,US,AMER
US0495601058,ATMOS ENERGY,US,AMER
US0527691069,AUTODESK,US,AMER
US0528001094,AUTOLIV,SE,EUR
US0530151036,AUTOMATIC DATA PROC.,US,AMER
US05329W1027,AUTONATION,US,AMER
US0533321024,AUTOZONE,US,AMER
US0534841012,AVALONBAY COMMNS.,US,AMER
US0536111091,AVERY DENNISON,US,AMER
US0537741052,AVIS BUDGET GROUP,US,AMER
US0538071038,AVNET,US,AMER
US05561Q2012,BOK FINL.,US,AMER
US0565251081,BADGER METER,US,AMER
US0584981064,BALL,US,AMER
US0605051046,BANK OF AMERICA,US,AMER
US0625401098,BANK OF HAWAII,US,AMER
US0640581007,BANK OF NEW YORK MELLON,US,AMER
US0708301041,BATH AND BODY WORKS,US,AMER
US07134L1070,BATTALION OIL (ASE),US,AMER
US0718131099,BAXTER INTL.,US,AMER
US0758871091,BECTON DICKINSON,US,AMER
US0758961009,BED BATH & BEYOND DEAD - DELIST.02/10/23,US,AMER
US0844231029,W R BERKLEY,US,AMER
US0846701086,BERKSHIRE HATHAWAY 'A',US,AMER
US0865161014,BEST BUY,US,AMER
US0893021032,BIG LOTS (OTC),US,AMER
US09061G1013,BIOMARIN PHARM.,US,AMER
US09062X1037,BIOGEN,US,AMER
US09073M1045,BIO-TECHNE,US,AMER
US0936711052,H&R BLOCK,US,AMER
US0970231058,BOEING,US,AMER
US09857L1089,BOOKING HOLDINGS,US,AMER
US0997241064,BORGWARNER,US,AMER
US1011211018,BXP,US,AMER
US1011371077,BOSTON SCIENTIFIC,US,AMER
US1033041013,BOYD GAMING,US,AMER
US1053682035,BRANDYWINE REAL.TST.SHBI NEW,US,AMER
US1096411004,BRINKER INTL.,US,AMER
US1096961040,BRINK'S,US,AMER
US1101221083,BRISTOL MYERS SQUIBB,US,AMER
US1124631045,BROOKDALE SENIOR LIVING,US,AMER
US1152361010,BROWN & BROWN,US,AMER
US1156372096,BROWN-FORMAN 'B',US,AMER
US12504L1098,CBRE GROUP CLASS A,US,AMER
US1252691001,CF INDUSTRIES HDG.,US,AMER
US12541W2098,CH ROBINSON WWD.,US,AMER
US1255231003,CIGNA,US,AMER
US1255818015,CIT GROUP DEAD - DELIST.04/01/22,US,AMER
US12572Q1058,CME GROUP,US,AMER
US1258961002,CMS ENERGY,US,AMER
US1261171003,CNA FINANCIAL,US,AMER
US1264081035,CSX,US,AMER
US12653C1080,CNX RESOURCES,US,AMER
US1266501006,CVS HEALTH,US,AMER
US1270551013,CABOT,US,AMER
US1270971039,COTERRA ENERGY,US,AMER
US1273871087,CADENCE DESIGN SYS.,US,AMER
US12740C1036,CADENCE BANK DEAD - DELIST.02/02/26,US,AMER
US1307881029,CAL.WATER SER.,US,AMER
US1331311027,CAMDEN PROPERTY TST.,US,AMER
US1344291091,THE CAMPBELL S COMPANY,US,AMER
US14040H1059,CAPITAL ONE FINL.,US,AMER
US14057J1016,CAPITOL FED.FINL.,US,AMER
US14149Y1082,CARDINAL HEALTH,US,AMER
US1423391002,CARLISLE COS.,US,AMER
US1431301027,CARMAX,US,AMER
US1491231015,CATERPILLAR,US,AMER
US1508701034,CELANESE,US,AMER
US15189T1079,CENTERPOINT EN.,US,AMER
US1567821046,CERNER DEAD - DELIST.09/06/22,US,AMER
US1598641074,CHAS.RVR.LABS.INTL.,US,AMER
US1651677353,EXPAND ENERGY,US,AMER
US1667641005,CHEVRON,US,AMER
US1686151028,CHICO'S FAS DEAD - DELIST.05/01/24,US,AMER
US1699051066,CHOICE HOTELS INTL.,US,AMER
US1713401024,CHURCH & DWIGHT CO.,US,AMER
US1717793095,CIENA,US,AMER
US1720621010,CINCINNATI FINL.,US,AMER
US17275R1023,CISCO SYSTEMS,US,AMER
US1729081059,CINTAS,US,AMER
US1729674242,CITIGROUP,US,AMER
US1773761002,CITRIX SYS. DEAD - DELIST.03/10/22,US,AMER
US18453H1068,CLEAR CHANNEL OUTDOOR HOLDINGS,US,AMER
US1858991011,CLEVELAND CLIFFS,US,AMER
US1890541097,CLOROX,US,AMER
US1912161007,COCA COLA,US,AMER
US1924461023,COGNIZANT TECH.SLTN.'A',US,AMER
US1941621039,COLGATE-PALM.,US,AMER
US20030N1019,COMCAST A,US,AMER
US2003401070,COMERICA DEAD - DELIST.02/02/26,US,AMER
US2005251036,COMMERCE BCSH.,US,AMER
US2017231034,COMMERCIAL MTLS.,US,AMER
US2036681086,COMMUNITY HEALTH SYSTEMS,US,AMER
US2058871029,CONAGRA BRANDS,US,AMER
US20825C1045,CONOCOPHILLIPS,US,AMER
US2091151041,CONSOLIDATED EDISON,US,AMER
US21036P1084,CONSTELLATION BRANDS 'A',US,AMER
US2172041061,COPART,US,AMER
US21871N1019,CORECIVIC,US,AMER
US2193501051,CORNING,US,AMER
US22160K1051,COSTCO WHOLESALE,US,AMER
US22410J1060,CRACKER BARREL OLD CTRY. STORE,US,AMER
US2244081046,CRANE,US,AMER
US22822V1017,CROWN CASTLE,US,AMER
US2283681060,CROWN HDG.,US,AMER
US2298991090,CULLEN FO.BANKERS,US,AMER
US2310211063,CUMMINS,US,AMER
US23331A1097,D R HORTON,US,AMER
US2333311072,DTE ENERGY,US,AMER
US23355L1061,DXC TECHNOLOGY,US,AMER
US2358511028,DANAHER,US,AMER
US2371941053,DARDEN RESTAURANTS,US,AMER
US23918K1088,DAVITA,US,AMER
US2441991054,DEERE,US,AMER
US2473617023,DELTA AIR LINES,US,AMER
US24790A1016,DENBURY DEAD - DELIST.02/11/23,US,AMER
US24906P1093,DENTSPLY SIRONA,US,AMER
US25179M1036,DEVON ENERGY,US,AMER
US25271C2017,DIAMOND OFFSHORE DRILLING,US,AMER
US2533931026,DICK'S SPORTING GOODS,US,AMER
US2536511031,DIEBOLD NIXDORF DEAD - DELIST.11/08/23,US,AMER
US2546871060,WALT DISNEY,US,AMER
US25470M1099,DISH NETWORK 'A' DEAD - DELIST.02/01/24,US,AMER
US25525P1075,DIVERSIFIED HEALTHCARE,US,AMER
US25659T1079,DOLBY LABORATORIES 'A',US,AMER
US2566771059,DOLLAR GENERAL,US,AMER
US2567461080,DOLLAR TREE,US,AMER
US25746U1097,DOMINION ENERGY,US,AMER
US2576511099,DONALDSON CO.,US,AMER
US2578672006,R R DONNELLEY & SONS DEAD - DELIST.28/02/22,US,AMER
US25960P1093,DOUGLAS EMMETT,US,AMER
US2600031080,DOVER,US,AMER
US2644115055,DUKE REALTY DEAD - DELIST.03/10/22,US,AMER
US26441C2044,DUKE ENERGY,US,AMER
US26614N1028,DUPONT DE NEMOURS,US,AMER
US26875P1012,EOG RES.,US,AMER
US26884L1098,EQT,US,AMER
US26969P1084,EAGLE MATERIALS,US,AMER
US2774321002,EASTMAN CHEMICAL,US,AMER
US2774614067,EASTMAN KODAK,US,AMER
US2786421030,EBAY,US,AMER
US2788651006,ECOLAB,US,AMER
US2810201077,EDISON INTL.,US,AMER
US28176E1082,EDWARDS LIFESCIENCES,US,AMER
US2855121099,ELECTRONIC ARTS,US,AMER
US2910111044,EMERSON ELECTRIC,US,AMER
US29272W1099,ENERGIZER HOLDINGS,US,AMER
US29364G1031,ENTERGY,US,AMER
US2944291051,EQUIFAX,US,AMER
US29444U7000,EQUINIX REIT,US,AMER
US2946281027,EQUITY COMMONWEALTH DEAD - DELIST.06/05/25,US,AMER
US29476L1070,EQUITY RESD.TST.PROPS. SHBI,US,AMER
US29530P1021,ERIE INDEMNITY 'A',US,AMER
US29670G1022,ESSENTIAL UTILITIES,US,AMER
US2971781057,ESSEX PROPERTY TST.,US,AMER
US30034W1062,EVERGY,US,AMER
US30040W1080,EVERSOURCE ENERGY,US,AMER
US30161N1019,EXELON,US,AMER
US30212P3038,EXPEDIA GROUP,US,AMER
US3021301094,EXPEDITORS INTL.OF WASH. A,US,AMER
US30231G1022,EXXON MOBIL,US,AMER
US3024913036,FMC,US,AMER
US3029411093,FTI CONSULTING,US,AMER
US3030751057,FACTSET RESEARCH SYS.,US,AMER
US3119001044,FASTENAL,US,AMER
US3137451015,FEDERAL REALTY INV.TST.,US,AMER
US3142111034,FEDERATED HERMES B,US,AMER
US31428X1063,FEDEX,US,AMER
US3156161024,F5,US,AMER
US31620M1062,FIDELITY NAT.INFO.SVS.,US,AMER
US31620R3030,FIDELITY NAT.FINANCIAL,US,AMER
US3167731005,FIFTH THIRD BANCORP,US,AMER
US31946M1036,FIRST CTZN.BCSH.A,US,AMER
US3205171057,FIRST HORIZON,US,AMER
US3377381088,FISERV,US,AMER
US3379321074,FIRSTENERGY,US,AMER
US3434121022,FLUOR,US,AMER
US34354P1057,FLOWSERVE,US,AMER
US3448491049,FOOT LOCKER DEAD - DELIST.08/09/25,US,AMER
US3453708600,FORD MOTOR,US,AMER
US3546131018,FRANKLIN RESOURCES,US,AMER
US35671D8570,FREEPORT-MCMORAN,US,AMER
US35909D1090,FRONTIER COMMUNICATIONS PARENT,US,AMER
US3602711000,FULTON FINANCIAL,US,AMER
US3614481030,GATX,US,AMER
US3635761097,ARTHUR J GALLAGHER,US,AMER
US36467W1099,GAMESTOP 'A',US,AMER
US3647601083,GAP,US,AMER
US3695501086,GENERAL DYNAMICS,US,AMER
US3703341046,GENERAL MILLS,US,AMER
US37045V1008,GENERAL MOTORS,US,AMER
US3719011096,GENTEX,US,AMER
US3724601055,GENUINE PARTS,US,AMER
US37247D1063,GENWORTH FINANCIAL,US,AMER
US3755581036,GILEAD SCIENCES,US,AMER
US37940X1028,GLOBAL PAYMENTS,US,AMER
US37959E1029,GLOBE LIFE,US,AMER
US38141G1040,GOLDMAN SACHS GP.,US,AMER
US3825501014,GOODYEAR TIRE & RUB.,US,AMER
US3841091040,GRACO,US,AMER
US3846371041,GRAHAM HOLDINGS 'B',US,AMER
US3848021040,WW GRAINGER,US,AMER
US3952591044,GREENHILL & COMPANY DEAD - DELIST.01/12/23,US,AMER
US3976241071,GREIF 'A',US,AMER
US40434L1052,HP,US,AMER
US4062161017,HALLIBURTON,US,AMER
US4103451021,HANESBRANDS DEAD - DELIST.01/12/25,US,AMER
US4108671052,HANOVER INSURANCE GROUP,US,AMER
US4128221086,HARLEY-DAVIDSON,US,AMER
US4158641070,ENVIRI,US,AMER
US4165151048,HARTFORD INSURANCE GROUP,US,AMER
US4180561072,HASBRO,US,AMER
US4198701009,HAWAIIAN ELECTRIC INDS.,US,AMER
US42250P1030,HEALTHPEAK PROPERTIES,US,AMER
US42330P1075,HELIX ENERGY SLTN.GP.,US,AMER
US4234521015,HELMERICH & PAYNE,US,AMER
US4278661081,HERSHEY,US,AMER
US42806J7000,HERTZ GLOBAL HLDGS,US,AMER
US42809H1077,HESS DEAD - DELIST.18/07/25,US,AMER
US43289P1066,HIMAX TECHNOLOGIES ADR 1:2,US,AMER
US4364401012,HOLOGIC,US,AMER
US4370761029,HOME DEPOT,US,AMER
US4385161066,HONEYWELL INTL.,US,AMER
US4404521001,HORMEL FOODS,US,AMER
US44107P1049,HOST HOTELS & RESORTS REIT,US,AMER
US4435106079,HUBBELL,US,AMER
US4448591028,HUMANA,US,AMER
US4456581077,HUNT JB TRANSPORT SVS.,US,AMER
US4461501045,HUNTINGTON BCSH.,US,AMER
US4470111075,HUNTSMAN,US,AMER
US45073V1089,ITT,US,AMER
US45167R1041,IDEX,US,AMER
US45168D1046,IDEXX LABORATORIES,US,AMER
US4523081093,ILLINOIS TOOL WORKS,US,AMER
US4523271090,ILLUMINA,US,AMER
US4581401001,INTEL,US,AMER
US45866F1049,INTERCONTINENTAL EX.,US,AMER
US4592001014,INTERNATIONAL BUS.MCHS.,US,AMER
US4595061015,INTL.FLAVORS & FRAG.,US,AMER
US4601461035,INTERNATIONAL PAPER,US,AMER
US4606901001,INTERPUBLIC GROUP DEAD - DELIST.28/11/25,US,AMER
US4612021034,INTUIT,US,AMER
US46120E6023,INTUITIVE SURGICAL,US,AMER
US46284V1017,IRON MOUNTAIN,US,AMER
US4657411066,ITRON,US,AMER
US46625H1005,JP MORGAN CHASE & CO.,US,AMER
US4663131039,JABIL,US,AMER
US46982L1089,JACOBS SOLUTIONS,US,AMER
US4781601046,JOHNSON & JOHNSON,US,AMER
US48020Q1076,JONES LANG LASALLE,US,AMER
US48203R1041,JUNIPER NETWORKS DEAD - DELIST.02/07/25,US,AMER
US48242W1062,KBR,US,AMER
US4824801009,KLA,US,AMER
US48666K1097,KB HOME,US,AMER
US4878361082,KELLANOVA DEAD - DELIST.11/12/25,US,AMER
US4891701009,KENNAMETAL,US,AMER
US4932671088,KEYCORP,US,AMER
US4943681035,KIMBERLY-CLARK,US,AMER
US49446R1095,KIMCO REALTY,US,AMER
US49456B1017,KINDER MORGAN,US,AMER
US4972661064,KIRBY,US,AMER
US5002551043,KOHL'S,US,AMER
US5010441013,KROGER,US,AMER
US5018892084,LKQ,US,AMER
US5128161099,LAMAR ADVERTISING 'A',US,AMER
US5150981018,LANDSTAR SYSTEM,US,AMER
US5178341070,LAS VEGAS SANDS,US,AMER
US5184391044,ESTEE LAUDER COS.'A',US,AMER
US5218652049,LEAR,US,AMER
US5246601075,LEGGETT&PLATT,US,AMER
US5260571048,LENNAR A A,US,AMER
US5261071071,LENNOX INTL.,US,AMER
US5324571083,ELI LILLY,US,AMER
US5339001068,LINCOLN ELECTRIC HDG.,US,AMER
US5341871094,LINCOLN NATIONAL,US,AMER
US5355551061,LINDSAY,US,AMER
US5370081045,LITTELFUSE,US,AMER
US5398301094,LOCKHEED MARTIN,US,AMER
US5404241086,LOEWS,US,AMER
US5486611073,LOWE'S COMPANIES,US,AMER
US5502411037,LUMEN TECHNOLOGIES,US,AMER
US55261F1049,M&T BANK,US,AMER
US5526761086,MDC HOLDINGS DEAD - DELIST.19/04/24,US,AMER
US5526901096,MDU RESOURCES GROUP,US,AMER
US5529531015,MGM RESORTS INTL.,US,AMER
US5535301064,MSC INDL.DIRECT 'A',US,AMER
US5543821012,MACERICH,US,AMER
US5544891048,VERIS RESIDENTIAL,US,AMER
US55616P1049,MACY'S,US,AMER
US5635714059,MANITOWOC,US,AMER
US56418H1005,MANPOWERGROUP,US,AMER
US5658491064,MARATHON OIL DEAD - DELIST.22/11/24,US,AMER
US5705351048,MARKEL GROUP,US,AMER
US5717481023,MARSH,US,AMER
US5719032022,MARRIOTT INTL.'A',US,AMER
US5732841060,MARTIN MRTA.MATS.,US,AMER
US5738741041,MARVELL TECHNOLOGY,US,AMER
US5745991068,MASCO,US,AMER
US57636Q1040,MASTERCARD,US,AMER
US57667L1070,MATCH GROUP,US,AMER
US5770811025,MATTEL,US,AMER
US5797802064,MCCORMICK & COMPANY NV.,US,AMER
US5801351017,MCDONALDS,US,AMER
US58155Q1031,MCKESSON,US,AMER
US58502B1061,PEDIATRIX MEDICAL GROUP,US,AMER
US58933Y1055,MERCK & COMPANY,US,AMER
US5894001008,MERCURY GENERAL,US,AMER
US59156R1086,METLIFE,US,AMER
US5926881054,METTLER TOLEDO INTL.,US,AMER
US5949181045,MICROSOFT,US,AMER
US5950171042,MICROCHIP TECH.,US,AMER
US5951121038,MICRON TECHNOLOGY,US,AMER
US6005441000,MILLERKNOLL,US,AMER
US6081901042,MOHAWK INDUSTRIES,US,AMER
US60871R2094,MOLSON COORS BEVERAGE COMPANY B,US,AMER
US6092071058,MONDELEZ INTERNATIONAL CL.A,US,AMER
US61174X1090,MONSTER BEVERAGE,US,AMER
US6153691059,MOODY'S,US,AMER
US6174464486,MORGAN STANLEY,US,AMER
US61945C1036,MOSAIC,US,AMER
US6200763075,MOTOROLA SOLUTIONS,US,AMER
US6267171022,MURPHY OIL,US,AMER
US62886E1082,NCR VOYIX,US,AMER
US6293775085,NRG ENERGY,US,AMER
US62944T1051,NVR,US,AMER
US62955J1034,NOV,US,AMER
US6311031081,NASDAQ,US,AMER
US6361801011,NATIONAL FUEL GAS,US,AMER
US6365181022,NATIONAL INSTS. DEAD - DELIST.12/10/23,US,AMER
US64110D1046,NETAPP,US,AMER
US6501111073,NEW YORK TIMES 'A',US,AMER
US6512291062,NEWELL BRANDS (XSC),US,AMER
US6516391066,NEWMONT,US,AMER
US65249B1098,NEWS 'A',US,AMER
US65339F1012,NEXTERA ENERGY,US,AMER
US6541061031,NIKE 'B',US,AMER
US65473P1057,NISOURCE,US,AMER
US6556641008,NORDSTROM DEAD - DELIST.21/05/25,US,AMER
US6558441084,NORFOLK SOUTHERN,US,AMER
US6658591044,NORTHERN TRUST,US,AMER
US6668071029,NORTHROP GRUMMAN,US,AMER
US6687711084,GEN DIGITAL,US,AMER
US67020Y1001,NUANCE COMMS. DEAD - DELIST.07/03/22,US,AMER
US6703461052,NUCOR,US,AMER
US67066G1040,NVIDIA,US,AMER
US6708371033,OGE ENERGY,US,AMER
US67098H1041,O I GLASS,US,AMER
US67103H1077,O REILLY AUTOMOTIVE,US,AMER
US6745991058,OCCIDENTAL PTL.,US,AMER
US6748705067,OCEAN POWER TECHS.,US,AMER
US6752321025,OCEANEERING,US,AMER
US6780261052,OIL STS.INTL.,US,AMER
US6802231042,OLD REPUBLIC INTL.,US,AMER
US6819191064,OMNICOM GROUP,US,AMER
US6821891057,ON SEMICONDUCTOR,US,AMER
US6826801036,ONEOK,US,AMER
US68389X1054,ORACLE,US,AMER
US6866881021,ORMAT TECHNOLOGIES,US,AMER
US6882392011,OSHKOSH,US,AMER
US69036R8631,OVERSEAS SHIPHLDG.GP.'A' DEAD - DELIST.10/07/24,US,AMER
US69047Q1022,OVINTIV (NYS),US,AMER
US69331C1080,PG&E,US,AMER
US6934751057,PNC FINL.SVS.GP.,US,AMER
US6935061076,PPG INDUSTRIES,US,AMER
US69351T1060,PPL,US,AMER
US6936561009,PVH,US,AMER
US6937181088,PACCAR,US,AMER
US6951561090,PACKAGING CORP.OF AM.,US,AMER
US7010941042,PARKER-HANNIFIN,US,AMER
US70211M1099,PARTNER COMMS.ADR 1:1 DEAD - DELIST.22/09/23,IL,EUR
US7033951036,PATTERSON COMPANIES DEAD - DELIST.21/04/25,US,AMER
US7034811015,PATTERSON UTI ENERGY,US,AMER
US7043261079,PAYCHEX,US,AMER
US7045511000,PEABODY ENERGY,US,AMER
US7075691094,PENN ENTERTAINMENT,US,AMER
US70959W1036,PENSKE AUTOMOTIVE GP.,US,AMER
US7127041058,PEOPLES UNITED FINANCIAL DEAD - DELIST.05/04/22,US,AMER
US7134481081,PEPSICO,US,AMER
US71363P1066,PERDOCEO EDUCATION,US,AMER
US7140461093,REVVITY,US,AMER
US7170811035,PFIZER,US,AMER
US7234841010,PINNACLE WEST CAP.,US,AMER
US7237871071,PIONEER NTRL.RES. DEAD - DELIST.03/05/24,US,AMER
US7244791007,PITNEY-BOWES,US,AMER
US7310681025,POLARIS,US,AMER
US7392761034,POWER INTEGRATIONS,US,AMER
US74144T1088,T ROWE PRICE GROUP,US,AMER
US74251V1026,PRINCIPAL FINL.GP.,US,AMER
US7427181091,PROCTER & GAMBLE,US,AMER
US7433151039,PROGRESSIVE OHIO,US,AMER
US74340W1036,PROLOGIS REIT,US,AMER
US7443201022,PRUDENTIAL FINL.,US,AMER
US7445731067,PUB.SER.ENTER.GP.,US,AMER
US74460D1090,PUBLIC STORAGE,US,AMER
US7458671010,PULTEGROUP,US,AMER
US7475251036,QUALCOMM,US,AMER
US74762E1029,QUANTA SERVICES,US,AMER
US74834L1008,QUEST DIAGNOSTICS,US,AMER
US7496851038,RPM INTERNATIONAL,US,AMER
US7509171069,RAMBUS,US,AMER
US7512121010,RALPH LAUREN CL.A,US,AMER
US75281A1097,RANGE RES.,US,AMER
US7547301090,RAYMOND JAMES FINL.,US,AMER
US75513E1010,RTX,US,AMER
US7588491032,REGENCY CENTERS,US,AMER
US75886F1075,REGENERON PHARMS.,US,AMER
US7591EP1005,REGIONS FINL.NEW,US,AMER
US7593516047,REINSURANCE GROUP OF AM.,US,AMER
US7595091023,RELIANCE,US,AMER
US7607591002,REPUBLIC SVS.'A',US,AMER
US7611521078,RESMED,US,AMER
US7677548726,RITE AID (OTC) DEAD - DELIST.04/09/24,US,AMER
US7703231032,ROBERT HALF,US,AMER
US7739031091,ROCKWELL AUTOMATION,US,AMER
US7766961061,ROPER TECHNOLOGIES,US,AMER
US7782961038,ROSS STORES,US,AMER
US7802871084,ROYAL GOLD,US,AMER
US7835491082,RYDER SYSTEM,US,AMER
US78409V1044,S&P GLOBAL,US,AMER
US78410G1040,SBA COMMS.,US,AMER
US7841171033,SEI INVESTMENTS,US,AMER
US78440X8873,SL GREEN REALTY,US,AMER
US78442P1066,SLM,US,AMER
US78454L1008,SM ENERGY,US,AMER
US78473E1038,SPX TECHNOLOGIES,US,AMER
US7901481009,ST.JOE,US,AMER
US79466L3024,SALESFORCE,US,AMER
US8064071025,HENRY SCHEIN,US,AMER
US8085131055,CHARLES SCHWAB,US,AMER
US80874P1093,LIGHT WONDER,US,AMER
US8101861065,SCOTTS MIRACLE-GRO,US,AMER
US81211K1007,SEALED AIR,US,AMER
US8168511090,SEMPRA,US,AMER
US8175651046,SERVICE CORP.INTL.,US,AMER
US81761L1026,SERVICE PROPERTIES TRUST,US,AMER
US8243481061,SHERWIN-WILLIAMS,US,AMER
US8288061091,SIMON PROPERTY GROUP,US,AMER
US8326964058,J M SMUCKER,US,AMER
US8330341012,SNAP-ON,US,AMER
US8354951027,SONOCO PRODUCTS,US,AMER
US8425871071,SOUTHERN,US,AMER
US84265V1052,SOUTHERN COPPER,US,AMER
US8447411088,SOUTHWEST AIRLINES,US,AMER
US8454671095,SOUTHWESTERN ENERGY DEAD - DELIST.01/10/24,US,AMER
US8485741099,SPIRIT AEROSYSTEMS CL.A DEAD - DELIST.08/12/25,US,AMER
US8545021011,STANLEY BLACK & DECKER,US,AMER
US8552441094,STARBUCKS,US,AMER
US8574771031,STATE STREET,US,AMER
US8581191009,STEEL DYNAMICS,US,AMER
US8589121081,STERICYCLE DEAD - DELIST.05/11/24,US,AMER
US86272C1036,STRATEGIC EDUCATION,US,AMER
US8636671013,STRYKER,US,AMER
US8676524064,SUNPOWER DEAD - DELIST.18/11/24,US,AMER
US8716071076,SYNOPSYS,US,AMER
US87161C5013,SYNOVUS FINANCIAL DEAD - DELIST.02/01/26,US,AMER
US8718291078,SYSCO,US,AMER
US8725401090,TJX,US,AMER
US8760301072,TAPESTRY,US,AMER
US87612E1064,TARGET,US,AMER
US8793691069,TELEFLEX,US,AMER
US8794338298,TELEPHONE & DATA SYS.,US,AMER
US88033G4073,TENET HEALTHCARE,US,AMER
US8803491054,TENNECO A DEAD - DELIST.17/11/22,US,AMER
US8807701029,TERADYNE (XSC),US,AMER
US8807791038,TEREX,US,AMER
US8816242098,TEVA PHARMACEUTICAL INDUSTRIES ADR 1:1,IL,EUR
US8825081040,TEXAS INSTRUMENTS,US,AMER
US8832031012,TEXTRON,US,AMER
US88337F1057,ODP DEAD - DELIST.11/12/25,US,AMER
US8835561023,THERMO FISHER SCIENTIFIC,US,AMER
US8851601018,THOR INDUSTRIES,US,AMER
US88579Y1010,3M,US,AMER
US88642R1095,TIDEWATER,US,AMER
US8873891043,TIMKEN,US,AMER
US8894781033,TOLL BROTHERS,US,AMER
US8910921084,TORO,US,AMER
US89417E1091,TRAVELERS COS.,US,AMER
US8962391004,TRIMBLE,US,AMER
US8965221091,TRINITY INDUSTRIES,US,AMER
US89832Q1094,TRUIST FINANCIAL,US,AMER
US9024941034,TYSON FOODS 'A',US,AMER
US9026531049,UDR,US,AMER
US9026811052,UGI,US,AMER
US9029733048,US BANCORP,US,AMER
US9078181081,UNION PACIFIC,US,AMER
US9092184061,UNIT,US,AMER
US9111631035,UNITED NATURAL FOODS,US,AMER
US9113121068,UNITED PARCEL SER.'B',US,AMER
US9113631090,UNITED RENTALS,US,AMER
US9116841084,ARRAY DIGITAL INFRASTRUCTURE,US,AMER
US9129091081,UNITED STATES STEEL DEAD - DELIST.18/06/25,US,AMER
US91307C1027,UNITED THERAPEUTICS,US,AMER
US91324P1021,UNITEDHEALTH GROUP,US,AMER
US9139031002,UNIVERSAL HEALTH SVS.'B',US,AMER
US91529Y1064,UNUM GROUP,US,AMER
US9170471026,URBAN OUTFITTERS,US,AMER
US91822M5022,VEON ADR 1:25,NL,EUR
US9189052098,VALHI,US,AMER
US91913Y1001,VALERO ENERGY,US,AMER
US9197941076,VALLEY NATIONAL,US,AMER
US92276F1003,VENTAS,US,AMER
US92343E1029,VERISIGN,US,AMER
US92343V1044,VERIZON COMMUNICATIONS,US,AMER
US92532F1003,VERTEX PHARMS.,US,AMER
US9255501051,VIAVI SOLUTIONS,US,AMER
US92556V1061,VIATRIS,US,AMER
US9282981086,VISHAY INTERTECHNOLOGY,US,AMER
US9290421091,VORNADO REALTY TRUST,US,AMER
US9291601097,VULCAN MATERIALS,US,AMER
US92922P1066,W&T OFFSHORE,US,AMER
US92939U1060,WEC ENERGY GROUP,US,AMER
US9297401088,WABTEC,US,AMER
US9311421039,WALMART,US,AMER
US9314271084,WALGREENS BOOTS ALLIANCE DEAD - DELIST.29/08/25,US,AMER
US9344231041,WARNER BROS DISCOVERY SERIES A,US,AMER
US9388241096,WAFD,US,AMER
US94106L1098,WASTE MANAGEMENT,US,AMER
US9418481035,WATERS,US,AMER
US9427491025,WATTS WATER TECHS.,US,AMER
US9497461015,WELLS FARGO & CO,US,AMER
US95040Q1040,WELLTOWER,US,AMER
US95058W1009,WENDY'S CLASS A,US,AMER
US95082P1057,WESCO INTL.,US,AMER
US9581021055,WESTERN DIGITAL,US,AMER
US9598021098,WESTERN UNION,US,AMER
US9604131022,WESTLAKE,US,AMER
US96145D1054,WESTROCK DEAD - DELIST.08/07/24,US,AMER
US9621661043,WEYERHAEUSER,US,AMER
US9633201069,WHIRLPOOL,US,AMER
US9682232064,JOHN WILEY AND SONS A,US,AMER
US9694571004,WILLIAMS,US,AMER
US9699041011,WILLIAMS-SONOMA,US,AMER
US9778521024,WOLFSPEED DEAD - DELIST.29/09/25,US,AMER
US9831341071,WYNN RESORTS,US,AMER
US98389B1008,XCEL ENERGY,US,AMER
US9839191015,XILINX DEAD - DELIST.15/02/22,US,AMER
US98421M1062,XEROX HOLDINGS,US,AMER
US9884981013,YUM! BRANDS,US,AMER
US9892071054,ZEBRA TECHNOLOGIES 'A',US,AMER
US98956P1021,ZIMMER BIOMET HDG.,US,AMER
US9897011071,ZIONS BANCORP.,US,AMER
